ID,LOCALIDAD,PRECIO,HUESPEDES,HAB.PRIV,CAMAS,BAÑOS,MASCOTAS,CAL.GENERAL,LIMPIEZA,RESEÑAS,PROP,LAVADORA,ENTRETENIMIENTO,INTERNET,UTENSILIOS,ESTACIONAMIENTO,LATITUD,LONGITUD,LINK
1,USAQUEN,"2,114,000.00",4,1,2,1,0,4.83,5.00,6,1,0,1,1,1,0,4.688880158,-74.04168688,https://www.airbnb.com.co/rooms/1462585739255268949?check_in=2025-12-22&check_out=2025-12-31&location=Usaqu%C3%A9n%2C%20Bogot%C3%A1%2C%20D.C.&search_mode=regular_search&source_impression_id=p3_1757707351_P3pqigdVTLVnsVbX&previous_page_section_name=1001&federated_search_id=ce01d2a8-ae7b-4de2-8137-7b81648b2658
2,USAQUEN,"711,610.00",1,1,1,1,0,4.92,5.00,92,1,1,0,1,1,0,4.692062666,-74.04138671,https://www.airbnb.com.co/rooms/10656887?check_in=2025-12-22&check_out=2025-12-31&location=Usaqu%C3%A9n%2C%20Bogot%C3%A1%2C%20D.C.&search_mode=regular_search&category_tag=Tag%3A8678&photo_id=135093271&source_impression_id=p3_1757708527_P3K_VA7tL9q-vT6j&previous_page_section_name=1001&federated_search_id=633e4478-e480-4095-831c-17df7504f25d&guests=1&adults=1
3,USAQUEN,"998,641.00",2,1,1,1,0,4.89,4.90,76,1,1,1,1,1,0,4.68885085,-74.03303505,https://www.airbnb.com.co/rooms/29979129?check_in=2025-12-22&check_out=2025-12-31&location=Usaqu%C3%A9n%2C%20Bogot%C3%A1%2C%20D.C.&search_mode=regular_search&source_impression_id=p3_1757708873_P3ZCc-EiBedJw6WU&previous_page_section_name=1001&federated_search_id=633e4478-e480-4095-831c-17df7504f25d&guests=1&adults=1
4,USAQUEN,"574,949.00",1,1,1,1,0,4.97,5.00,37,1,1,1,1,1,0,4.726218371,-74.0333692,https://www.airbnb.com.co/rooms/18612321?check_in=2025-12-22&check_out=2025-12-31&location=Usaqu%C3%A9n%2C%20Bogot%C3%A1%2C%20D.C.&search_mode=regular_search&category_tag=Tag%3A8678&photo_id=1832830887&source_impression_id=p3_1757709384_P3dvX5cpvCczLNe2&previous_page_section_name=1001&federated_search_id=233b8cf0-fbb1-4cfa-aeb8-a57b9719281a&guests=1&adults=1
5,USAQUEN,"719,965.00",1,1,1,1,0,4.93,4.90,29,1,1,1,1,1,1,4.728691889,-74.04667646,https://www.airbnb.com.co/rooms/581311771913219634?check_in=2025-12-22&check_out=2025-12-31&location=Usaqu%C3%A9n%2C%20Bogot%C3%A1%2C%20D.C.&search_mode=regular_search&category_tag=Tag%3A8678&photo_id=1416882930&source_impression_id=p3_1757709611_P3VgAgSg4TAUyY8z&previous_page_section_name=1001&federated_search_id=233b8cf0-fbb1-4cfa-aeb8-a57b9719281a&guests=1&adults=1
6,USAQUEN,"2,193,158.00",2,1,1,1,0,4.92,4.90,12,1,1,1,1,1,1,4.731495089,-74.02253037,https://www.airbnb.com.co/rooms/1292813841178679676?check_in=2025-12-22&check_out=2025-12-31&location=Usaqu%C3%A9n%2C%20Bogot%C3%A1%2C%20D.C.&search_mode=regular_search&source_impression_id=p3_1757710103_P3WColkqKRF9QNg0&previous_page_section_name=1001&federated_search_id=233b8cf0-fbb1-4cfa-aeb8-a57b9719281a&guests=2&adults=2
7,USAQUEN,"663,600.00",1,1,1,1,0,4.98,5.00,97,1,1,1,1,1,0,4.740444189,-74.0246577,https://www.airbnb.com.co/rooms/20687009?check_in=2025-12-22&check_out=2025-12-31&location=Usaqu%C3%A9n%2C%20Bogot%C3%A1%2C%20D.C.&search_mode=regular_search&category_tag=Tag%3A8678&photo_id=1840055745&source_impression_id=p3_1757710670_P3MfLPI-kNpqaWV0&previous_page_section_name=1001&federated_search_id=35220573-c903-4b53-9685-9f90a5ddb3e4
8,USAQUEN,"594,922.00",1,1,1,1,0,4.94,5.00,154,1,1,1,1,1,1,4.748347536,-74.03026739,https://www.airbnb.com.co/rooms/17445585?check_in=2025-12-22&check_out=2025-12-31&location=Usaqu%C3%A9n%2C%20Bogot%C3%A1%2C%20D.C.&search_mode=regular_search&category_tag=Tag%3A8678&photo_id=1719503826&source_impression_id=p3_1757711744_P3YFH0lIs7ntFLl9&previous_page_section_name=1001&federated_search_id=35220573-c903-4b53-9685-9f90a5ddb3e4
9,USAQUEN,"1,846,858.00",4,3,3,2,0,4.89,4.90,28,1,1,1,1,1,1,4.755724656,-74.04166483,https://www.airbnb.com.co/rooms/1090538342860508418?check_in=2025-12-22&check_out=2025-12-31&location=Usaqu%C3%A9n%2C%20Bogot%C3%A1%2C%20D.C.&search_mode=regular_search&source_impression_id=p3_1757712013_P3HqTbD0fpXPesA6&previous_page_section_name=1001&federated_search_id=acc982fd-3ee5-40c6-9755-2d35261f9858&guests=4&adults=4
10,USAQUEN,"2,354,184.00",6,2,3,2,1,4.81,4.70,79,1,1,1,1,1,1,4.769335813,-74.03015427,https://www.airbnb.com.co/rooms/892766043969412063?check_in=2025-12-22&check_out=2025-12-31&location=Usaqu%C3%A9n%2C%20Bogot%C3%A1%2C%20D.C.&search_mode=regular_search&source_impression_id=p3_1757712213_P3CH44n2J8nmlBOo&previous_page_section_name=1001&federated_search_id=472df2fd-4166-40d3-84e0-59ee6463ba34&guests=6&adults=6
11,CHAPINERO,"1,520,971.00",2,1,1,1,1,4.83,4.90,65,1,1,1,1,1,1,4.661830932,-74.05649698,https://www.airbnb.com.co/rooms/1003127636440381027?adults=2&check_in=2025-12-22&check_out=2025-12-31&search_mode=regular_search&source_impression_id=p3_1757712852_P3ED87VrBTwyufAz&previous_page_section_name=1001&federated_search_id=29f949f0-3d35-4289-96d2-2845059f82e8
12,CHAPINERO,"1,389,696.00",2,1,1,1,1,4.51,4.60,80,1,1,1,1,1,0,4.648350042,-74.05703788,https://www.airbnb.com.co/rooms/898087056215240923?adults=2&check_in=2025-12-22&check_out=2025-12-31&search_mode=regular_search&source_impression_id=p3_1757714148_P35ORbietH3hbHC8&previous_page_section_name=1001&federated_search_id=49bd7886-c345-4eea-be97-94a8d3bdc808&guests=2
13,CHAPINERO,"1,082,153.00",2,1,1,1,1,4.96,4.90,28,2,1,1,1,1,0,4.638033042,-74.0615938,https://www.airbnb.com.co/rooms/1416949360689670399?adults=2&check_in=2025-12-22&check_out=2025-12-31&search_mode=regular_search&source_impression_id=p3_1757714307_P397gFQCQ7tsQDN1&previous_page_section_name=1001&federated_search_id=db6aeb90-c898-4d81-bb33-4a36c61edad8
14,CHAPINERO,"1,010,893.00",2,1,1,1,0,4.83,4.90,89,1,1,1,1,1,1,4.644388151,-74.06589148,https://www.airbnb.com.co/rooms/51158654?adults=2&check_in=2025-12-22&check_out=2025-12-31&search_mode=regular_search&source_impression_id=p3_1757714530_P3Wwrb6-zLa7MJnU&previous_page_section_name=1001&federated_search_id=d740e4e4-178f-4f3d-88c2-4d647c7802e9
15,CHAPINERO,"896,885.00",3,1,2,1,1,4.91,4.90,67,2,1,1,1,1,1,4.643238561,-74.06215348,https://www.airbnb.com.co/rooms/1198485017925887030?adults=2&check_in=2025-12-22&check_out=2025-12-31&search_mode=regular_search&source_impression_id=p3_1757714646_P3Jk8YOrYqE_NR7t&previous_page_section_name=1001&federated_search_id=4337cacb-c36d-4632-bca4-08bfab41af73
16,CHAPINERO,"1,781,248.00",2,1,1,1,0,4.96,5.00,25,1,1,1,1,1,1,4.632963574,-74.06337126,https://www.airbnb.com.co/rooms/882545942218116081?adults=2&check_in=2025-12-22&check_out=2025-12-31&search_mode=regular_search&source_impression_id=p3_1757714764_P3G3zDLmNQXdb-_7&previous_page_section_name=1001&federated_search_id=59ce2465-24c0-4715-a426-442c6183a3b5
17,CHAPINERO,"1,151,357.00",2,1,1,1,0,4.95,4.90,107,1,0,1,1,1,1,4.647378404,-74.06307373,https://www.airbnb.com.co/rooms/1034948210319585652?adults=2&check_in=2025-12-22&check_out=2025-12-31&search_mode=regular_search&source_impression_id=p3_1757715018_P3xeMQ67KRiJFTua&previous_page_section_name=1001&federated_search_id=1d2f05f8-ce4e-4c8d-8ac6-724510dfa860
18,CHAPINERO,"1,480,565.00",2,1,1,1,0,4.87,5.00,134,1,1,1,1,1,1,4.644589461,-74.06284524,https://www.airbnb.com.co/rooms/43358890?adults=2&check_in=2025-12-22&check_out=2025-12-31&search_mode=regular_search&source_impression_id=p3_1757715186_P3zdMC__N9lasLBm&previous_page_section_name=1000&federated_search_id=e877f45e-2b97-4207-9274-a04231bde143
19,CHAPINERO,"973,258.00",3,1,2,1,0,4.80,4.90,204,1,1,1,1,1,1,4.646058263,-74.06266024,https://www.airbnb.com.co/rooms/806050992888169852?adults=2&check_in=2025-12-22&check_out=2025-12-31&search_mode=regular_search&source_impression_id=p3_1757715316_P3Lsj0VsmyDFn8iW&previous_page_section_name=1001&federated_search_id=13ab9c92-3048-4b91-abf5-03595bb51949
20,CHAPINERO,"1,392,051.00",2,1,1,1,0,4.95,4.90,99,1,1,1,1,1,1,4.645765774,-74.06489303,https://www.airbnb.com.co/rooms/41885838?adults=2&check_in=2025-12-22&check_out=2025-12-31&search_mode=regular_search&source_impression_id=p3_1757715523_P3bIIfayzY_ONSsu&previous_page_section_name=1001&federated_search_id=c60b5db0-0939-4f5c-9b75-fd0715aeb439
21,SANTA FE,"934,685.00",2,1,1,1,0,4.97,5.00,32,2,0,1,1,1,0,4.605305314,-74.06932019,https://www.airbnb.com.co/rooms/1145227135019186476?adults=2&check_in=2025-12-22&check_out=2025-12-31&search_mode=regular_search&source_impression_id=p3_1757711483_P3JR-qpsW_-MIygV&previous_page_section_name=1001&federated_search_id=3045e38c-f414-4ba6-a3c8-514a544f2d81&guests=2
22,SANTA FE,"991,283.00",2,1,1,1,0,4.95,5.00,206,1,0,1,1,1,0,4.602294909,-74.06890935,https://www.airbnb.com.co/rooms/887569797956557540/amenities?check_in=2025-12-22&check_out=2025-12-31&location=Bogot%C3%A1%2C%20D.C.&search_mode=regular_search&source_impression_id=p3_1757712570_P3ucHQmJ6Rf3CBfm&previous_page_section_name=1001&federated_search_id=9a6aee15-019b-4cc0-af71-3ae4ab91518b&guests=2&adults=2
23,SANTA FE,"921,297.00",2,1,1,1,0,4.79,5.00,24,1,1,1,1,1,1,4.60164836,-74.07081355,https://www.airbnb.com.co/rooms/1365321686539021687/amenities?check_in=2025-12-22&check_out=2025-12-31&location=Bogot%C3%A1%2C%20D.C.&search_mode=regular_search&source_impression_id=p3_1757712870_P3z7FyS5P4-ja4k_&previous_page_section_name=1001&federated_search_id=c84e3881-1858-4fe2-96fe-1c4e5da2dc87&guests=2&adults=2
24,SANTA FE,"934,635.00",2,1,1,1,0,4.89,4.80,55,1,1,1,1,1,0,4.610324536,-74.07106796,https://www.airbnb.com.co/rooms/1167741341941244977?adults=2&check_in=2025-12-22&check_out=2025-12-31&search_mode=regular_search&source_impression_id=p3_1757715736_P3rqo1Q_Gvfti2H1&previous_page_section_name=1001&federated_search_id=bc32adea-42e5-42e1-9ad0-411864b163a4
25,SANTA FE,"1,156,263.00",2,1,1,1,0,4.88,5.00,109,1,1,1,1,1,1,4.602152173,-74.06917788,https://www.airbnb.com.co/rooms/855976578247784754?adults=2&check_in=2025-12-22&check_out=2025-12-31&search_mode=regular_search&source_impression_id=p3_1757715822_P3dkgPkbEvo-WwyD&previous_page_section_name=1000&federated_search_id=06ee10c2-ebf7-4d87-aba6-aa85c439cde5
26,SANTA FE,"1,000,510.00",3,1,2,1,0,4.85,4.80,39,1,1,1,1,1,1,4.610414868,-74.07034833,https://www.airbnb.com.co/rooms/1277626355846906137/amenities?adults=2&check_in=2025-12-22&check_out=2025-12-31&search_mode=regular_search&source_impression_id=p3_1757715822_P3skuGFApTMwB4U_&previous_page_section_name=1000&federated_search_id=06ee10c2-ebf7-4d87-aba6-aa85c439cde5
27,SANTA FE,"804,169.00",2,1,1,1,0,4.78,4.90,97,1,1,1,1,1,0,4.61301208,-74.06684971,https://www.airbnb.com.co/rooms/965426730502136788/amenities?adults=2&check_in=2025-12-22&check_out=2025-12-31&search_mode=regular_search&source_impression_id=p3_1757716040_P38FUeOlYHjgTrV5&previous_page_section_name=1001&federated_search_id=48c7f9dd-d88a-407d-8259-6c18e215747b
28,SANTA FE,"1,419,224.00",2,1,1,1,0,4.88,4.90,68,1,1,1,1,1,1,4.6085369,-74.068544,https://www.airbnb.com.co/rooms/1072760798361165772?adults=2&check_in=2025-12-22&check_out=2025-12-31&search_mode=regular_search&source_impression_id=p3_1757716231_P3Uzct9Ze7S3Eo9P&previous_page_section_name=1001&federated_search_id=228df837-4c84-4e1d-ba28-237d6707a5c4
29,SANTA FE,"1,351,100.00",2,1,1,1,1,5.00,5.00,39,1,1,1,1,1,0,4.604894197,-74.07032279,https://www.airbnb.com.co/rooms/565392783300047963/amenities?adults=2&check_in=2025-12-22&check_out=2025-12-31&search_mode=regular_search&source_impression_id=p3_1757716335_P3VaT77BXnRtoJyQ&previous_page_section_name=1001&federated_search_id=5c5640b2-6c74-48d4-8495-e45a80091be3
30,SANTA FE,"1,130,625.00",4,1,3,1,1,4.93,5.00,42,1,1,1,1,1,1,4.602713456,-74.0689555,https://www.airbnb.com.co/rooms/1052782606167590730?adults=2&check_in=2025-12-22&check_out=2025-12-31&search_mode=regular_search&source_impression_id=p3_1757716738_P3Hul1CC-4gN_all&previous_page_section_name=1001&federated_search_id=52217351-a916-49ed-858b-f6eb2759bfda
31,SAN CRISTOBAL,"648,600.00",4,1,2,1,1,4.90,4.90,30,1,1,1,1,1,0,4.590022388,-74.08011343,https://www.airbnb.com.co/rooms/1017470910198522161?adults=2&check_in=2025-12-22&check_out=2025-12-31&search_mode=regular_search&source_impression_id=p3_1757730500_P3meZzb6rb4N-8Bc&previous_page_section_name=1001&federated_search_id=9f0a5efa-c9fb-42c9-a4cb-a034684dfd85
32,SAN CRISTOBAL,"1,189,726.00",3,1,2,1,1,4.84,5.00,19,1,1,1,1,1,1,4.590000999,-74.08009466,https://www.airbnb.com.co/rooms/32086303?adults=2&check_in=2025-12-22&check_out=2025-12-31&search_mode=regular_search&source_impression_id=p3_1757730772_P3BPcxOi5dvZUuVA&previous_page_section_name=1001&federated_search_id=9f0a5efa-c9fb-42c9-a4cb-a034684dfd85
33,SAN CRISTOBAL,"1,073,393.00",7,3,4,1,0,4.94,4.90,16,3,0,1,1,1,0,4.572163328,-74.09291867,https://www.airbnb.com.co/rooms/1137224579714593695?adults=2&check_in=2025-12-22&check_out=2025-12-31&search_mode=regular_search&source_impression_id=p3_1757730888_P3158Qnn4FQWzAz5&previous_page_section_name=1001&federated_search_id=9f0a5efa-c9fb-42c9-a4cb-a034684dfd85
34,SAN CRISTOBAL,"883,009.00",4,1,2,1,1,5.00,5.00,15,1,1,1,1,1,0,4.584071844,-74.09981744,https://www.airbnb.com.co/rooms/1103185780051754018?adults=2&check_in=2025-12-22&check_out=2025-12-31&search_mode=regular_search&source_impression_id=p3_1757731092_P3LCuCH_C48-zuBY&previous_page_section_name=1001&federated_search_id=87040545-c7d1-443d-80d2-7389b9086321
35,SAN CRISTOBAL,"808,171.00",2,1,1,1,1,4.85,4.60,13,1,1,1,1,1,0,4.564730978,-74.10487199,https://www.airbnb.com.co/rooms/929026732693663364?adults=2&check_in=2025-12-22&check_out=2025-12-31&search_mode=regular_search&source_impression_id=p3_1757731346_P3blujhLcJy7Sr72&previous_page_section_name=1001&federated_search_id=3eda3a16-a7cc-4e88-880e-cf0de8f52aee
36,SAN CRISTOBAL,"1,032,279.00",5,3,3,2,0,4.65,4.80,66,1,1,1,1,1,1,4.564100887,-74.10616217,https://www.airbnb.com.co/rooms/51216237?adults=2&check_in=2025-12-22&check_out=2025-12-31&search_mode=regular_search&source_impression_id=p3_1757731479_P39UZs1ZhyViu54o&previous_page_section_name=1001&federated_search_id=60c900f0-4ca4-4c47-8706-1309c0fb0606
37,TUNJUELITO,"946,081.00",4,2,3,1,0,4.98,5.00,43,1,1,1,1,1,0,4.593326482,-74.13494612,https://www.airbnb.com.co/rooms/852927563350062645/amenities?check_in=2025-12-22&check_out=2025-12-31&location=Bogot%C3%A1%2C%20D.C.&search_mode=regular_search&source_impression_id=p3_1757711526_P3ebzvzFr0pgAN2q&previous_page_section_name=1001&federated_search_id=da1ff03a-ef56-4192-8a5b-8db6e8d7e57a&guests=4&adults=4&infants=5
38,TUNJUELITO,"880,669.00",2,2,1,1,1,4.89,4.60,9,1,1,1,1,1,0,4.576986118,-74.13227719,https://www.airbnb.com.co/rooms/1056829592527538510/amenities?check_in=2025-12-22&check_out=2025-12-31&location=Bogot%C3%A1%2C%20D.C.&search_mode=regular_search&source_impression_id=p3_1757733687_P3j7NkIaCTk00rFD&previous_page_section_name=1001&federated_search_id=89ce7b9e-2df7-4f73-a64f-e9139cabbb11&guests=2&adults=2&pets=1
39,TUNJUELITO,"946,081.00",4,2,3,1,0,4.95,5.00,106,1,1,1,1,1,0,4.593195856,-74.13544707,https://www.airbnb.com.co/rooms/49976483/amenities?check_in=2025-12-22&check_out=2025-12-31&location=Bogot%C3%A1%2C%20D.C.&search_mode=regular_search&source_impression_id=p3_1757733970_P3O1Z-2WjbyN8v9e&previous_page_section_name=1001&federated_search_id=19728f92-6527-4af6-acee-566adf13070c&guests=4&adults=4
40,TUNJUELITO,"549,054.00",2,1,1,1,0,4.86,4.70,21,1,1,1,1,1,0,4.58806534,-74.12890502,https://www.airbnb.com.co/rooms/1422808763289375623?check_in=2025-12-22&check_out=2025-12-31&location=Bogot%C3%A1%2C%20D.C.&search_mode=regular_search&source_impression_id=p3_1757734797_P3N4BS0fccxnKR3j&previous_page_section_name=1001&federated_search_id=eeb8b78a-a39f-47f8-8c92-7301a7f3a74e&guests=2&adults=2
41,TUNJUELITO,"1,576,801.00",4,2,3,1,0,4.88,4.80,8,1,0,1,1,1,0,4.587314861,-74.14983684,https://www.airbnb.com.co/rooms/1204580227698588877/amenities?check_in=2025-12-22&check_out=2025-12-31&location=Bogot%C3%A1%2C%20D.C.&search_mode=regular_search&source_impression_id=p3_1757735235_P3s3oVLhUqfJvAWW&previous_page_section_name=1001&federated_search_id=c5e919f7-57f4-4bd0-a77f-7f0e378b6e1c&guests=4&adults=4
42,TUNJUELITO,"945,030.00",4,2,3,1,1,4.81,4.90,16,1,1,1,1,1,0,4.588569197,-74.13995082,https://www.airbnb.com.co/rooms/1371316024653141616/amenities?check_in=2025-12-22&check_out=2025-12-31&location=Bogot%C3%A1%2C%20D.C.&search_mode=regular_search&source_impression_id=p3_1757735511_P3SwZBClfdwk42Oy&previous_page_section_name=1001&federated_search_id=ff887e47-55be-4131-9548-684ea897f7b0&guests=4&adults=4&pets=1
43,BOSA,"888,035.00",2,1,1,1,0,5.00,4.90,9,1,1,1,1,1,0,4.600568913,-74.18031976,https://www.airbnb.com.co/rooms/5271287/amenities?check_in=2025-12-22&check_out=2025-12-31&location=Bogot%C3%A1%2C%20D.C.&search_mode=regular_search&category_tag=Tag%3A8678&photo_id=38615581&source_impression_id=p3_1757735944_P3p_GuBBfDY48KKG&previous_page_section_name=1001&federated_search_id=95dbad62-7ceb-43eb-99f0-2968ed5de9f4&guests=2&adults=2
44,KENNEDY,"2,336,205.00",7,3,4,2,1,4.69,4.80,29,1,1,1,1,1,1,4.634816535,-74.12655572,https://www.airbnb.com.co/rooms/21851052?check_in=2025-12-22&check_out=2025-12-31&location=Kennedy%2C%20Bogot%C3%A1%2C%20D.C.&search_mode=regular_search&source_impression_id=p3_1757736499_P3RIn_6SizQ7ZgGk&previous_page_section_name=1001&federated_search_id=7082d08b-8cba-467a-b63b-39ba98864e68&guests=7&adults=7
45,KENNEDY,"2,534,070.00",6,3,3,2,0,4.85,4.90,40,1,1,1,1,1,1,4.637696949,-74.12491621,https://www.airbnb.com.co/rooms/1124752416618963404?check_in=2025-12-22&check_out=2025-12-31&location=Kennedy%2C%20Bogot%C3%A1%2C%20D.C.&search_mode=regular_search&source_impression_id=p3_1757736832_P3e6hTKO0z5JMXYg&previous_page_section_name=1001&federated_search_id=145fcde4-04f0-434e-815b-37a348b9507b&guests=6&adults=6
46,KENNEDY,"1,953,832.00",4,3,4,2,0,4.94,4.90,34,1,1,1,1,1,1,4.639551751,-74.12464335,https://www.airbnb.com.co/rooms/915883626792029051?check_in=2025-12-22&check_out=2025-12-31&location=Kennedy%2C%20Bogot%C3%A1%2C%20D.C.&search_mode=regular_search&source_impression_id=p3_1757737162_P3-8VhO7ywr9P83r&previous_page_section_name=1001&federated_search_id=145fcde4-04f0-434e-815b-37a348b9507b&guests=4&adults=4
47,KENNEDY,"1,870,728.00",4,2,2,1,1,4.90,4.90,106,1,1,1,1,1,0,4.639544946,-74.13682188,https://www.airbnb.com.co/rooms/1302859064485962493?check_in=2025-12-22&check_out=2025-12-31&location=Kennedy%2C%20Bogot%C3%A1%2C%20D.C.&search_mode=regular_search&source_impression_id=p3_1757737404_P3pSc-EntKVxw6Mo&previous_page_section_name=1001&federated_search_id=b1a269c0-9b2c-4cfe-9e88-45a9879f0313&guests=4&adults=4&pets=1
48,KENNEDY,"2,030,418.00",4,2,2,2,1,4.79,4.70,48,1,1,1,1,1,1,4.645183371,-74.15487175,https://www.airbnb.com.co/rooms/17771083?check_in=2025-12-22&check_out=2025-12-31&location=Kennedy%2C%20Bogot%C3%A1%2C%20D.C.&search_mode=regular_search&source_impression_id=p3_1757737656_P3FwU1rMow39-kbo&previous_page_section_name=1001&federated_search_id=b1a269c0-9b2c-4cfe-9e88-45a9879f0313&guests=4&adults=4&pets=1
49,KENNEDY,"803,470.00",2,1,1,1,1,4.94,4.90,36,2,1,1,1,1,1,4.651240144,-74.1616142,https://www.airbnb.com.co/rooms/871039539567288143?check_in=2025-12-22&check_out=2025-12-31&location=Kennedy%2C%20Bogot%C3%A1%2C%20D.C.&search_mode=regular_search&category_tag=Tag%3A8678&photo_id=2164232557&source_impression_id=p3_1757737838_P3tCQNlfE5dF-rT-&previous_page_section_name=1001&federated_search_id=b1a269c0-9b2c-4cfe-9e88-45a9879f0313&guests=2&adults=2&pets=1
50,KENNEDY,"1,716,961.00",3,2,2,1,0,4.94,4.90,105,3,1,1,1,1,0,4.653269634,-74.16247658,https://www.airbnb.com.co/rooms/849435578399604345?check_in=2025-12-22&check_out=2025-12-31&location=Kennedy%2C%20Bogot%C3%A1%2C%20D.C.&search_mode=regular_search&source_impression_id=p3_1757738128_P3JQkKHmJ3UVSvrE&previous_page_section_name=1001&federated_search_id=bd00fe24-16e5-4467-a6a4-f1909e8f199c&guests=3&adults=3
51,KENNEDY,"1,879,091.00",6,2,3,1,0,4.85,5.00,53,1,1,1,1,1,1,4.611367603,-74.17568899,https://www.airbnb.com.co/rooms/965072028592450546?check_in=2025-12-22&check_out=2025-12-31&location=Kennedy%2C%20Bogot%C3%A1%2C%20D.C.&search_mode=regular_search&source_impression_id=p3_1757738482_P31zLPJROXm6_Pu_&previous_page_section_name=1001&federated_search_id=2b0370be-491e-4984-ab0e-8c11a0d03f44&guests=6&adults=6
52,KENNEDY,"988,655.00",2,2,2,1,0,4.97,4.90,39,1,0,1,1,1,0,4.613829487,-74.15269697,https://www.airbnb.com.co/rooms/992936830197029014?check_in=2025-12-22&check_out=2025-12-31&search_mode=regular_search&source_impression_id=p3_1757738638_P3pJIH44qA0xNrIl&previous_page_section_name=1000&federated_search_id=5428c39c-7bb8-4654-9c0b-96991bfe89e2&guests=2&adults=2
53,KENNEDY,"2,031,154.00",4,2,2,1,2,4.93,4.90,43,1,1,1,1,1,1,4.61130649,-74.15834664,https://www.airbnb.com.co/rooms/859528084490410615?check_in=2025-12-22&check_out=2025-12-31&search_mode=regular_search&source_impression_id=p3_1757739261_P3UoYpMAU8c5Vd8-&previous_page_section_name=1000&federated_search_id=1fbbc90d-29b2-43af-8d0b-e933f2b71a6b&guests=4&adults=4&pets=5
54,FONTIBON,"1,724,499.00",5,2,4,1,0,4.80,4.80,41,1,1,1,1,1,1,4.648849417,-74.11653079,https://www.airbnb.com.co/rooms/1355370611685762464?check_in=2025-12-22&check_out=2025-12-31&location=Fontib%C3%B3n%2C%20Bogot%C3%A1%2C%20D.C.&search_mode=regular_search&source_impression_id=p3_1757740695_P3ixweWdrSVreRJu&previous_page_section_name=1001&federated_search_id=382dd0c8-5610-4a60-b727-c172bc85d9a7&guests=5&adults=5
55,FONTIBON,"1,312,855.00",4,2,3,1,0,4.53,4.30,72,1,1,1,1,1,1,4.649941077,-74.11177874,https://www.airbnb.com.co/rooms/24697665?check_in=2025-12-22&check_out=2025-12-31&location=Fontib%C3%B3n%2C%20Bogot%C3%A1%2C%20D.C.&search_mode=regular_search&category_tag=Tag%3A8678&photo_id=549369549&source_impression_id=p3_1757740901_P3XPfPwhvUbA6Ezg&previous_page_section_name=1001&federated_search_id=382dd0c8-5610-4a60-b727-c172bc85d9a7&guests=4&adults=4
56,FONTIBON,"3,994,338.00",4,2,2,2,1,4.97,5.00,74,1,1,1,1,1,1,4.652087413,-74.11002287,https://www.airbnb.com.co/rooms/647323005656691786?check_in=2025-12-22&check_out=2025-12-31&location=Fontib%C3%B3n%2C%20Bogot%C3%A1%2C%20D.C.&search_mode=regular_search&source_impression_id=p3_1757741131_P3d83xP5uhB0NxnP&previous_page_section_name=1001&federated_search_id=382dd0c8-5610-4a60-b727-c172bc85d9a7&guests=4&adults=4&pets=1
57,FONTIBON,"1,896,834.00",2,1,1,1,0,4.97,4.90,35,2,0,1,1,1,0,4.65489415,-74.11243029,https://www.airbnb.com.co/rooms/1211714331709772317?check_in=2025-12-22&check_out=2025-12-31&location=Fontib%C3%B3n%2C%20Bogot%C3%A1%2C%20D.C.&search_mode=regular_search&category_tag=Tag%3A8678&photo_id=1964374719&source_impression_id=p3_1757741289_P3MCU17XvX9N8-p2&previous_page_section_name=1001&federated_search_id=ebc361b8-571a-4844-8aed-0c5067611d81&guests=2&adults=2
58,FONTIBON,"1,020,651.00",2,1,1,1,0,4.92,4.90,153,2,1,1,1,1,1,4.67222345,-74.12377259,https://www.airbnb.com.co/rooms/688321338619193306?check_in=2025-12-22&check_out=2025-12-31&search_mode=regular_search&category_tag=Tag%3A8678&photo_id=1501694696&source_impression_id=p3_1757741610_P3sYFc_ADDZTD05i&previous_page_section_name=1000&federated_search_id=44a1060b-2be3-4e5b-9b8b-0f7572aaf2b9&guests=2&adults=2
59,FONTIBON,"998,506.00",3,1,2,1,0,4.67,4.80,195,1,0,1,1,1,0,4.6852083,-74.12662699,https://www.airbnb.com.co/rooms/36567358?check_in=2025-12-22&check_out=2025-12-31&location=Fontib%C3%B3n%2C%20Bogot%C3%A1%2C%20D.C.&search_mode=regular_search&source_impression_id=p3_1757742075_P34iIQkhy0uDFtB9&previous_page_section_name=1001&federated_search_id=0ae573d1-e2b6-4785-a581-91f1ba4f067a&guests=3&adults=3
60,FONTIBON,"1,564,705.00",3,1,2,1,0,4.94,5.00,71,1,0,1,1,1,0,4.670935427,-74.14065568,https://www.airbnb.com.co/rooms/1265103148500415399?check_in=2025-12-22&check_out=2025-12-31&search_mode=regular_search&source_impression_id=p3_1757742252_P3ZkXHFHsvOD_npl&previous_page_section_name=1000&federated_search_id=66ad656f-72c9-45a1-94af-96d747f77dd6&guests=3&adults=3
61,FONTIBON,"2,156,449.00",6,2,2,1,2,4.81,4.80,135,1,0,1,1,1,0,4.679098979,-74.14617749,https://www.airbnb.com.co/rooms/931155808121231213?check_in=2025-12-22&check_out=2025-12-31&location=Fontib%C3%B3n%2C%20Bogot%C3%A1%2C%20D.C.&search_mode=regular_search&source_impression_id=p3_1757742673_P3GKj2SxX-KCeSTy&previous_page_section_name=1001&federated_search_id=2ca3171e-c22c-4c8a-ab42-1dffc2797eb4&guests=6&adults=6&pets=5
62,FONTIBON,"1,274,289.00",3,2,2,1,1,4.95,5.00,118,1,0,1,1,1,0,4.666503129,-74.12603585,https://www.airbnb.com.co/rooms/855060132648984888?check_in=2025-12-22&check_out=2025-12-31&location=Fontib%C3%B3n%2C%20Bogot%C3%A1%2C%20D.C.&search_mode=regular_search&source_impression_id=p3_1757742903_P3rkZlMeYisQBV2f&previous_page_section_name=1001&federated_search_id=05ad48ff-9c81-432e-becc-c9ada11e2f7d&guests=3&adults=3&pets=2
63,FONTIBON,"1,602,731.00",3,2,3,2,1,4.84,4.70,74,1,1,1,1,1,0,4.659844445,-74.12169668,https://www.airbnb.com.co/rooms/47534036?check_in=2025-12-22&check_out=2025-12-31&location=Fontib%C3%B3n%2C%20Bogot%C3%A1%2C%20D.C.&search_mode=regular_search&source_impression_id=p3_1757743176_P31G4W5nBBMFqKT7&previous_page_section_name=1001&federated_search_id=b3361309-78f9-4a2e-ad92-d33f8840dc59&guests=3&adults=3&pets=1
64,ENGATIVA,"948,884.00",2,1,1,1,1,4.96,5.00,26,2,1,1,1,1,0,4.69593388,-74.11214878,https://www.airbnb.com.co/rooms/866172887463435318?adults=2&check_in=2025-12-22&check_out=2025-12-31&search_mode=regular_search&source_impression_id=p3_1757735582_P3TFmJO-8XH5IcLU&previous_page_section_name=1001&federated_search_id=af04b5f1-ffb4-4e15-829e-e561f0a35bf9&guests=2
65,ENGATIVA,"1,669,190.00",5,2,3,2,1,4.92,5.00,52,1,1,1,1,1,1,4.692209027,-74.10690374,https://www.airbnb.com.co/rooms/809382819415685923?adults=2&check_in=2025-12-22&check_out=2025-12-31&search_mode=regular_search&source_impression_id=p3_1757735788_P3XmYAQSZeqxBW-X&previous_page_section_name=1001&federated_search_id=af04b5f1-ffb4-4e15-829e-e561f0a35bf9
66,ENGATIVA,"767,377.00",3,1,2,1,1,4.68,4.70,56,1,1,1,1,1,1,4.714375765,-74.12166542,https://www.airbnb.com.co/rooms/911657766961666545?adults=2&check_in=2025-12-22&check_out=2025-12-31&search_mode=regular_search&source_impression_id=p3_1757738205_P3MeFkO_KoKDEgtD&previous_page_section_name=1001&federated_search_id=cac443c7-fd99-4e12-b067-3a2fd4c5710f
67,ENGATIVA,"838,567.00",2,1,1,1,0,4.89,4.80,63,3,1,1,1,1,0,4.715890382,-74.12052747,https://www.airbnb.com.co/rooms/52584096?adults=2&check_in=2025-12-22&check_out=2025-12-31&search_mode=regular_search&source_impression_id=p3_1757738769_P3tk5PRkE96JkRKl&previous_page_section_name=1001&federated_search_id=7b6f5b47-2071-4947-86b6-5e92412964cf
68,ENGATIVA,"871,586.00",2,1,1,1,0,4.78,4.80,83,3,0,1,1,1,0,4.677000077,-74.10302981,https://www.airbnb.com.co/rooms/728352066117812249?adults=2&check_in=2025-12-22&check_out=2025-12-31&search_mode=regular_search&source_impression_id=p3_1757738599_P3miufXD4CFHEtyo&previous_page_section_name=1001&federated_search_id=63ded41a-d210-499e-b469-de556fbb33d0
69,ENGATIVA,"948,884.00",2,1,1,1,1,4.96,5.00,26,2,1,1,1,0,0,4.695606877,-74.11197054,https://www.airbnb.com.co/rooms/866172887463435318?adults=2&check_in=2025-12-22&check_out=2025-12-31&search_mode=regular_search&source_impression_id=p3_1757738900_P3PDBrlXPFs3R1cl&previous_page_section_name=1001&federated_search_id=40c23e93-b4a3-41ca-b5dc-8ae4adf39a15
70,ENGATIVA,"1,179,681.00",3,2,2,1,0,4.98,5.00,40,3,1,1,1,1,0,4.702989709,-74.09552096,https://www.airbnb.com.co/rooms/755216212394578643?check_in=2025-12-22&check_out=2025-12-31&search_mode=regular_search&source_impression_id=p3_1757765200_P37czedM-ozrE2Zu&previous_page_section_name=1001&federated_search_id=927150ba-0d15-4b80-8b1a-a9e0c14c517c
71,ENGATIVA,"791,298.00",4,2,3,1,1,4.77,4.70,56,1,1,1,1,1,0,4.713162827,-74.1227997,https://www.airbnb.com.co/rooms/836367589906583711?check_in=2025-12-22&check_out=2025-12-31&search_mode=regular_search&source_impression_id=p3_1757765678_P3_wQ_YIzsaYzWv1&previous_page_section_name=1001&federated_search_id=53dd1aab-f948-4828-9e2d-a6b388f2d38c
72,ENGATIVA,"822,273.00",3,3,2,2,1,4.91,5.00,23,1,1,1,1,1,0,4.724556399,-74.13536182,https://www.airbnb.com.co/rooms/52055672?check_in=2025-12-22&check_out=2025-12-31&search_mode=regular_search&source_impression_id=p3_1757765972_P3x9WRPrhmF7dus0&previous_page_section_name=1001&federated_search_id=5a53232f-b0c9-4e7b-b05c-fc69972b86f9
73,ENGATIVA,"1,340,632.00",4,3,4,1,1,4.90,5.00,126,1,1,1,1,1,0,4.717336185,-74.12869913,https://www.airbnb.com.co/rooms/39393182?check_in=2025-12-22&check_out=2025-12-31&search_mode=regular_search&source_impression_id=p3_1757766375_P3iHOhaUeYG-511N&previous_page_section_name=1001&federated_search_id=5a53232f-b0c9-4e7b-b05c-fc69972b86f9
74,SUBA,"1,594,903.00",2,1,1,1,1,4.81,4.70,32,1,1,1,1,1,1,4.742714901,-74.06781932,https://www.airbnb.com.co/rooms/48000019?adults=2&check_in=2025-12-22&check_out=2025-12-31&search_mode=regular_search&source_impression_id=p3_1757732643_P3i8r-wpwitgZzIz&previous_page_section_name=1001&federated_search_id=9dc4fd5b-2b76-4eea-b9d0-9e39c51872c1
75,SUBA,"1,057,041.00",4,2,3,1,0,4.83,4.80,95,1,1,1,1,1,0,4.755622329,-74.0652795,https://www.airbnb.com.co/rooms/49551866?adults=2&check_in=2025-12-22&check_out=2025-12-31&search_mode=regular_search&source_impression_id=p3_1757732843_P3iwH9ZfWVtfbvQN&previous_page_section_name=1001&federated_search_id=4d93d0b4-7c61-40bf-af07-f458ef198217
76,SUBA,"2,487,842.00",2,1,1,1,0,4.96,5.50,48,1,1,1,1,1,1,4.738513047,-74.06720511,https://www.airbnb.com.co/rooms/974257989393600800?adults=2&check_in=2025-12-22&check_out=2025-12-31&search_mode=regular_search&source_impression_id=p3_1757732987_P3lGVsr_2IR_4Izb&previous_page_section_name=1001&federated_search_id=c2d0d04e-0d8c-45ce-852a-ff0b32b31f6d
77,SUBA,"2,184,174.00",3,1,2,1,1,4.91,4.90,148,1,1,1,1,1,1,4.689345733,-74.05854034,https://www.airbnb.com.co/rooms/38347873?adults=2&check_in=2025-12-22&check_out=2025-12-31&search_mode=regular_search&source_impression_id=p3_1757733181_P3lN16gxkmGq1ikg&previous_page_section_name=1001&federated_search_id=76d720a1-6067-4c98-aa88-051dc59bd7b1
78,SUBA,"2,176,765.00",2,1,1,1,1,4.91,5.50,87,1,1,1,1,1,1,4.689953494,-74.0574751,https://www.airbnb.com.co/rooms/48298708?adults=2&check_in=2025-12-22&check_out=2025-12-31&search_mode=regular_search&source_impression_id=p3_1757733367_P3uM-7bRiK8JNqSQ&previous_page_section_name=1001&federated_search_id=76d720a1-6067-4c98-aa88-051dc59bd7b1
79,SUBA,"1,665,136.00",4,2,2,2,0,4.71,4.50,83,1,1,1,1,1,1,4.752400032,-74.09873909,https://www.airbnb.com.co/rooms/23227549?adults=2&check_in=2025-12-22&check_out=2025-12-31&search_mode=regular_search&source_impression_id=p3_1757733485_P3Fxgc9vFxN972KY&previous_page_section_name=1001&federated_search_id=3efbca8d-bd78-4948-9c3e-afe2291d9c62
80,SUBA,"1,538,456.00",3,1,2,1,1,4.88,4.80,337,3,1,1,1,1,0,4.714038151,-74.08166463,https://www.airbnb.com.co/rooms/740642382225499796?adults=2&check_in=2025-12-22&check_out=2025-12-31&search_mode=regular_search&source_impression_id=p3_1757733704_P3jWb0T_xxA6M1Sd&previous_page_section_name=1001&federated_search_id=39c17d34-6b53-440f-b5bf-2599fb39120c
81,SUBA,"2,284,960.00",4,3,4,2,0,4.70,4.60,71,1,1,1,1,1,0,4.749483455,-74.09859454,https://www.airbnb.com.co/rooms/45709953?adults=2&check_in=2025-12-22&check_out=2025-12-31&search_mode=regular_search&source_impression_id=p3_1757733995_P3V3lhZaUVie-hGU&previous_page_section_name=1001&federated_search_id=ad70f936-448c-4903-bda3-82e097e34342
82,SUBA,"1,463,467.00",4,2,3,2,0,4.81,4.90,63,1,1,1,1,1,1,4.747788482,-74.08937239,https://www.airbnb.com.co/rooms/54143434?adults=2&check_in=2025-12-22&check_out=2025-12-31&search_mode=regular_search&source_impression_id=p3_1757734463_P3GpQpWEE4iQrcqH&previous_page_section_name=1001&federated_search_id=78cdb41b-b2db-41a2-88e5-dc6e112c8d6a
83,SUBA,"986,669.00",8,3,5,1,1,4.67,4.70,61,1,1,1,1,1,1,4.732041648,-74.10645857,https://www.airbnb.com.co/rooms/46706478?adults=2&check_in=2025-12-22&check_out=2025-12-31&search_mode=regular_search&source_impression_id=p3_1757734637_P3xOSl58NPb5rYAr&previous_page_section_name=1001&federated_search_id=a7b5fbea-9b8e-4e45-b7c0-d5d0b22b2072
84,BARRIOS UNIDOS,"1,405,182.00",3,1,2,1,1,4.70,4.80,5547,1,1,1,1,1,1,4.663215119,-74.06819816,https://www.airbnb.com.co/rooms/33186477?check_in=2025-12-22&check_out=2025-12-31&search_mode=regular_search&source_impression_id=p3_1757766992_P39_Ha0GyQbvExoV&previous_page_section_name=1001&federated_search_id=b3092954-644c-47a8-a8e5-b59804b1f233
85,BARRIOS UNIDOS,"1,195,157.00",2,1,1,1,1,4.93,4.90,67,1,0,1,1,1,1,4.670237195,-74.06399465,https://www.airbnb.com.co/rooms/1280632347094570333?check_in=2025-12-22&check_out=2025-12-31&search_mode=regular_search&source_impression_id=p3_1757767164_P3yfHrB12Ftq41bB&previous_page_section_name=1001&federated_search_id=b3092954-644c-47a8-a8e5-b59804b1f233
86,BARRIOS UNIDOS,"1,728,517.00",2,1,2,1,0,4.99,5.00,77,3,0,1,1,1,1,4.687780297,-74.06207396,https://www.airbnb.com.co/rooms/929006993434920390?check_in=2025-12-22&check_out=2025-12-31&search_mode=regular_search&source_impression_id=p3_1757767372_P3y9twZ8lriIa_px&previous_page_section_name=1001&federated_search_id=20ab78e4-04e8-4833-b704-a9f0177932b9
87,BARRIOS UNIDOS,"507,193.00",2,1,1,1,0,4.92,4.80,118,3,1,1,1,1,1,4.685929325,-74.07179379,https://www.airbnb.com.co/rooms/33395331?check_in=2025-12-22&check_out=2025-12-31&search_mode=regular_search&category_tag=Tag%3A8678&photo_id=982548815&source_impression_id=p3_1757767581_P30PuZx59CvkfPHb&previous_page_section_name=1001&federated_search_id=dcb7110a-3d0d-4b39-b33a-105218b9d879
88,BARRIOS UNIDOS,"898,193.00",3,1,2,1,0,4.77,4.70,26,1,1,1,1,1,1,4.676987224,-74.08280517,https://www.airbnb.com.co/rooms/1057954091117619780?check_in=2025-12-22&check_out=2025-12-31&search_mode=regular_search&source_impression_id=p3_1757767860_P3RyGzgVZrxw7Lcu&previous_page_section_name=1001&federated_search_id=b2af95f7-f1e5-4594-9cbe-db944a663db0
89,BARRIOS UNIDOS,"2,012,449.00",3,1,2,1,0,5.00,5.00,20,1,1,1,1,1,0,4.668582283,-74.08490134,https://www.airbnb.com.co/rooms/780504872615948460?check_in=2025-12-22&check_out=2025-12-31&search_mode=regular_search&source_impression_id=p3_1757768079_P3jeB7CsqDwe9R62&previous_page_section_name=1001&federated_search_id=091ec876-99be-4ed5-b34d-c56af9989a1a
90,BARRIOS UNIDOS,"1,484,734.00",2,1,1,1,0,4.97,5.00,60,1,1,1,1,1,1,4.662594992,-74.06809946,https://www.airbnb.com.co/rooms/11456824?check_in=2025-12-22&check_out=2025-12-31&search_mode=regular_search&source_impression_id=p3_1757768327_P3zAwuL2edNNkgMj&previous_page_section_name=1001&federated_search_id=0370e24f-f1c0-4baa-8124-78b0c19d0c7a
91,BARRIOS UNIDOS,"3,181,634.00",7,3,3,3,0,4.81,4.81,43,3,1,1,1,1,1,4.674396009,-74.08483999,https://www.airbnb.com.co/rooms/1174202958995554156?check_in=2025-12-22&check_out=2025-12-31&search_mode=regular_search&source_impression_id=p3_1757768542_P3DiN-XILEuzGmB8&previous_page_section_name=1001&federated_search_id=52f640ff-88e3-425b-a01c-f02918e01161
92,BARRIOS UNIDOS,"1,921,397.00",6,2,4,2,0,4.88,4.80,33,1,1,1,1,1,0,4.662773335,-74.08168492,https://www.airbnb.com.co/rooms/1178578564372469527?check_in=2025-12-22&check_out=2025-12-31&search_mode=regular_search&source_impression_id=p3_1757768749_P3BV-6pcmDDH5wI-&previous_page_section_name=1001&federated_search_id=52f640ff-88e3-425b-a01c-f02918e01161
93,BARRIOS UNIDOS,"7,085,599.00",2,1,1,1,0,4.86,4.90,92,1,1,1,1,1,0,4.675830626,-74.07310083,https://www.airbnb.com.co/rooms/1004484242178125989?check_in=2025-12-22&check_out=2025-12-31&search_mode=regular_search&source_impression_id=p3_1757768989_P35zvoxivxunXZRv&previous_page_section_name=1001&federated_search_id=5f5f20ab-fd2a-4d59-87f4-b10746543707
94,TEUSAQUILLO,"1,445,108.00",3,1,1,1,0,4.84,5.00,132,1,0,1,1,1,0,4.649617483,-74.08772834,https://www.airbnb.com.co/rooms/19909833?adults=2&check_in=2025-12-22&check_out=2025-12-31&search_mode=regular_search&source_impression_id=p3_1757717069_P3GsMQIdgOC4P9RD&previous_page_section_name=1001&federated_search_id=3a345ad6-4e3c-4cc3-a268-b755910a908f
95,TEUSAQUILLO,"2,401,900.00",4,1,2,1,0,4.98,5.00,103,1,0,1,1,1,0,4.652915859,-74.0872141,https://www.airbnb.com.co/rooms/53675674?adults=2&check_in=2025-12-22&check_out=2025-12-31&search_mode=regular_search&source_impression_id=p3_1757717192_P3bwoxYrQISygFsv&previous_page_section_name=1001&federated_search_id=65e33031-6234-46e3-a02d-5bb6bc45df50
96,TEUSAQUILLO,"1,247,425.00",4,1,2,1,0,4.96,4.90,57,1,0,1,1,1,1,4.617656306,-74.07259541,https://www.airbnb.com.co/rooms/724124234984263293?check_in=2025-12-22&check_out=2025-12-31&search_mode=regular_search&source_impression_id=p3_1757775508_P3kMAVtKuXp9zvc-&previous_page_section_name=1001&federated_search_id=a43f591f-9a6f-4add-a7a2-f6e069552a91
97,TEUSAQUILLO,"1,223,598.00",4,2,4,2,0,4.95,4.90,63,1,1,1,1,1,1,4.636230249,-74.07754152,https://www.airbnb.com.co/rooms/53184473?check_in=2025-12-22&check_out=2025-12-31&search_mode=regular_search&source_impression_id=p3_1757775761_P3Nx0XmiLWXdks3g&previous_page_section_name=1001&federated_search_id=b77de7cf-bd45-4779-8516-95542ab51bcb
98,TEUSAQUILLO,"1,124,785.00",4,1,1,1,0,4.85,4.90,116,1,1,1,1,1,1,4.647495726,-74.07958042,https://www.airbnb.com.co/rooms/1166554405777676705?check_in=2025-12-22&check_out=2025-12-31&search_mode=regular_search&source_impression_id=p3_1757775874_P3yKCjHfBYRkwYok&previous_page_section_name=1001&federated_search_id=9cb29fa1-b940-4948-a514-ed0333cc4e64
99,TEUSAQUILLO,"560,169.00",4,2,2,1,0,4.92,5.00,159,3,1,1,1,1,0,4.649875053,-74.08976346,https://www.airbnb.com.co/rooms/32724278?check_in=2025-12-22&check_out=2025-12-31&search_mode=regular_search&category_tag=Tag%3A8678&photo_id=1793121704&source_impression_id=p3_1757776045_P3hyoQPspSjqvtyT&previous_page_section_name=1001&federated_search_id=49725447-d0ae-4827-be71-38fae05e4748
100,TEUSAQUILLO,"2,683,250.00",6,2,3,2,0,4.90,4.90,30,1,1,1,1,1,0,4.642646503,-74.0997047,https://www.airbnb.com.co/rooms/947909583522919204?check_in=2025-12-22&check_out=2025-12-31&search_mode=regular_search&source_impression_id=p3_1757776318_P3D0E9ot4U7bCZ29&previous_page_section_name=1001&federated_search_id=4b4b262c-9d67-410f-a2d0-4eb5c6cbe9f8
101,TEUSAQUILLO,"1,559,281.00",4,2,3,1,0,4.93,5.00,30,1,1,1,1,1,0,4.632707361,-74.0951882,https://www.airbnb.com.co/rooms/1230561049558148770?check_in=2025-12-22&check_out=2025-12-31&search_mode=regular_search&source_impression_id=p3_1757776518_P3gEzD4BXNscustv&previous_page_section_name=1001&federated_search_id=723da369-3a90-43e8-81d1-3f229b6ec94b
102,TEUSAQUILLO,"1,083,812.00",2,1,1,1,1,4.91,4.90,33,3,0,1,1,1,1,4.649725669,-74.08954422,https://www.airbnb.com.co/rooms/796465613991470789?check_in=2025-12-22&check_out=2025-12-31&search_mode=regular_search&source_impression_id=p3_1757776708_P3F3lG7H855WBsbz&previous_page_section_name=1001&federated_search_id=3d35875c-66bc-4694-b5d4-69d404c5c5e2
103,TEUSAQUILLO,"2,010,947.00",4,2,1,2,0,4.90,4.90,29,1,1,1,1,1,1,4.653743362,-74.09819615,https://www.airbnb.com.co/rooms/1316188529951505258?check_in=2025-12-22&check_out=2025-12-31&search_mode=regular_search&source_impression_id=p3_1757776861_P3lqoOnhDZKu6tqe&previous_page_section_name=1001&federated_search_id=cda40b43-3a64-4c04-a95a-fb2747aad1d2
104,LOS MARTIRES,"684,157.00",2,1,1,1,1,4.96,4.90,26,1,1,1,1,1,0,4.596296044,-74.0975115,https://www.airbnb.com.co/rooms/1127070554361954847?check_in=2025-12-22&check_out=2025-12-31&search_mode=regular_search&category_tag=Tag%3A8678&photo_id=1875727000&source_impression_id=p3_1757783498_P3Wa5mD1z0Yx7MzI&previous_page_section_name=1001&federated_search_id=cad47c00-04bc-4f56-be75-e856ed0e5857
105,LOS MARTIRES,"635,977.00",1,1,1,1,0,5.00,5.00,11,1,0,1,1,0,0,4.597576724,-74.10099251,https://www.airbnb.com.co/rooms/1209379436064288631?check_in=2025-12-22&check_out=2025-12-31&search_mode=regular_search&source_impression_id=p3_1757784211_P32kShWAT2twVYhP&previous_page_section_name=1001&federated_search_id=cad47c00-04bc-4f56-be75-e856ed0e5857
106,LOS MARTIRES,"1,220,444.00",3,2,2,1,1,4.75,4.90,12,1,1,1,1,1,0,4.607799723,-74.09174666,https://www.airbnb.com.co/rooms/1430613551600924273?check_in=2025-12-22&check_out=2025-12-31&search_mode=regular_search&source_impression_id=p3_1757784577_P30hZ_yeD2l2T2Z6&previous_page_section_name=1001&federated_search_id=cad47c00-04bc-4f56-be75-e856ed0e5857
107,LOS MARTIRES,"1,156,321.00",3,1,1,1,1,4.81,4.80,31,1,0,1,1,1,0,4.611265277,-74.09334315,https://www.airbnb.com.co/rooms/1398967910138926192?check_in=2025-12-22&check_out=2025-12-31&search_mode=regular_search&source_impression_id=p3_1757784750_P3RbN5mRvZo2elBp&previous_page_section_name=1001&federated_search_id=75976a6e-ff93-4128-bc65-8e27b2bbd905
108,LOS MARTIRES,"1,048,284.00",4,2,2,1,0,4.70,4.50,40,1,1,1,1,1,0,4.611870049,-74.08359156,https://www.airbnb.com.co/rooms/52069582?check_in=2025-12-22&check_out=2025-12-31&search_mode=regular_search&source_impression_id=p3_1757785558_P3D8POoFRVZQiV1v&previous_page_section_name=1001&federated_search_id=0463b7e0-f892-43fd-b8f2-a4bcc9103c2b
109,LOS MARTIRES,"1,545,674.00",4,1,3,2,1,4.89,4.80,221,1,1,1,1,1,0,4.620372913,-74.07600553,https://www.airbnb.com.co/rooms/37917699?check_in=2025-12-22&check_out=2025-12-31&search_mode=regular_search&source_impression_id=p3_1757785919_P3R683SlWr4qQx_J&previous_page_section_name=1001&federated_search_id=c153271e-7282-4e78-a4a7-b11fd1d7cff7
110,LOS MARTIRES,"946,081.00",6,2,3,1,0,4.78,4.90,40,1,0,1,1,1,0,4.623121836,-74.08183697,https://www.airbnb.com.co/rooms/954470232558040533?check_in=2025-12-22&check_out=2025-12-31&search_mode=regular_search&source_impression_id=p3_1757786090_P3v-2zdaXxqk2syN&previous_page_section_name=1001&federated_search_id=c153271e-7282-4e78-a4a7-b11fd1d7cff7
111,LOS MARTIRES,"607,653.00",2,1,1,1,0,4.38,4.50,45,3,1,1,1,1,0,4.601888298,-74.10109507,https://www.airbnb.com.co/rooms/21161229?check_in=2025-12-22&check_out=2025-12-31&search_mode=regular_search&source_impression_id=p3_1757787481_P3vvZHnonX5Fw22h&previous_page_section_name=1001&federated_search_id=b8a38f30-81ab-408e-9501-69ad1cf45255
112,LOS MARTIRES,"1,156,321.00",3,1,1,1,0,4.81,4.80,31,1,1,1,1,1,1,4.611229835,-74.09335661,https://www.airbnb.com.co/rooms/1398967910138926192?check_in=2025-12-22&check_out=2025-12-31&search_mode=regular_search&source_impression_id=p3_1757787594_P3i2xY__SalXEXvR&previous_page_section_name=1001&federated_search_id=83455813-e9b2-4e27-9588-2a1aacfae604
113,LOS MARTIRES,"1,036,367.00",2,1,1,1,1,4.76,4.90,37,3,1,1,1,1,0,4.618984373,-74.07961913,https://www.airbnb.com.co/rooms/741451943202765324?check_in=2025-12-22&check_out=2025-12-31&search_mode=regular_search&source_impression_id=p3_1757787780_P3Q1EZHWM_JbfZ0D&previous_page_section_name=1001&federated_search_id=25860408-c70f-4cfd-91af-6b4bd65f5057
114,ANT. NARIÑO,"937,858.00",3,2,2,2,0,4.96,5.00,27,3,1,1,1,1,1,4.590870677,-74.11318983,https://www.airbnb.com.co/rooms/972509250483239673?check_in=2025-12-22&check_out=2025-12-31&search_mode=regular_search&source_impression_id=p3_1757780125_P3HMXQ3KBi3NtwsW&previous_page_section_name=1001&federated_search_id=2af42ff0-1b67-4fd4-b4f3-6ce88ef36367
115,ANT. NARIÑO,"673,703.00",4,2,2,1,1,5.00,5.00,10,3,1,1,1,1,0,4.589812571,-74.10657399,https://www.airbnb.com.co/rooms/952307188845554449?check_in=2025-12-22&check_out=2025-12-31&search_mode=regular_search&source_impression_id=p3_1757780283_P3es8lNnWHwETprZ&previous_page_section_name=1001&federated_search_id=e517dec6-c5eb-42ca-b6aa-762ae44c58f8
116,ANT. NARIÑO,"1,597,815.00",6,3,3,2,0,4.90,5.00,30,1,1,1,1,1,1,4.582314595,-74.09588744,https://www.airbnb.com.co/rooms/986936371067301197?check_in=2025-12-22&check_out=2025-12-31&search_mode=regular_search&source_impression_id=p3_1757780564_P3DbLQtumOuvtB8R&previous_page_section_name=1001&federated_search_id=08b27e8e-ee8a-46ab-a674-505796418931
117,ANT. NARIÑO,"930,313.00",4,2,2,1,0,4.83,5.00,12,3,1,1,1,1,0,4.58002259,-74.09177226,https://www.airbnb.com.co/rooms/1244242388165660138?check_in=2025-12-22&check_out=2025-12-31&search_mode=regular_search&source_impression_id=p3_1757780688_P3JsUJ7HvBYQZiHI&previous_page_section_name=1001&federated_search_id=08b27e8e-ee8a-46ab-a674-505796418931
118,ANT. NARIÑO,"883,009.00",4,1,2,1,1,5.00,5.00,15,1,1,1,1,1,1,4.584075683,-74.09979342,https://www.airbnb.com.co/rooms/1103185780051754018?check_in=2025-12-22&check_out=2025-12-31&search_mode=regular_search&source_impression_id=p3_1757780822_P3fOoAG1XAyybFbW&previous_page_section_name=1001&federated_search_id=39b04deb-047b-44cd-8d41-5a16fed5a33e
119,ANT. NARIÑO,"638,000.00",7,2,3,1,0,4.88,4.90,34,1,1,1,1,1,0,4.588758745,-74.11406779,https://www.airbnb.com.co/rooms/1288323235761485689?check_in=2025-12-22&check_out=2025-12-31&search_mode=regular_search&source_impression_id=p3_1757782533_P3Vwi5-lCXFeX3Ay&previous_page_section_name=1001&federated_search_id=fdac5afc-8da8-4c60-9d0f-6c46ab6128a7
120,ANT. NARIÑO,"736,205.00",3,1,2,1,0,4.92,5.00,12,1,0,1,1,1,0,4.594534774,-74.1173605,https://www.airbnb.com.co/rooms/1451520598126023456?check_in=2025-12-22&check_out=2025-12-31&search_mode=regular_search&source_impression_id=p3_1757782769_P3kfQ6Uj1ThCYeSX&previous_page_section_name=1001&federated_search_id=1f738b83-6cd6-4704-8c3d-d8b3c6b39458
121,ANT. NARIÑO,"708,000.00",8,3,7,1,0,4.77,4.80,90,3,0,1,1,1,0,4.589784874,-74.10481994,https://www.airbnb.com.co/rooms/1044134233845490696?check_in=2025-12-22&check_out=2025-12-31&search_mode=regular_search&source_impression_id=p3_1757782901_P35FCXTnWS1DJZdM&previous_page_section_name=1001&federated_search_id=b5bec754-0517-4c55-8594-b1ca26f9fc57
122,PTE. ARANDA,"880,669.00",2,1,1,1,1,4.76,5.00,21,2,0,1,1,1,0,4.625514428,-74.12131107,https://www.airbnb.com.co/rooms/1185514785521212725?check_in=2025-12-22&check_out=2025-12-31&location=Puente%20Aranda%2C%20Bogot%C3%A1%2C%20D.C.&search_mode=regular_search&source_impression_id=p3_1757743365_P3Shn_R2hd4PbAXl&previous_page_section_name=1001&federated_search_id=3bf2c1f2-bde1-4cbe-9381-8edfd6d896fd&guests=2&adults=2&pets=1
123,PTE. ARANDA,"2,074,370.00",4,2,3,2,0,4.97,5.00,32,1,0,1,1,1,0,4.623917677,-74.11626942,https://www.airbnb.com.co/rooms/831293588664577116?check_in=2025-12-22&check_out=2025-12-31&location=Puente%20Aranda%2C%20Bogot%C3%A1%2C%20D.C.&search_mode=regular_search&source_impression_id=p3_1757743549_P3HvLVculBCS9HPR&previous_page_section_name=1001&federated_search_id=3bf2c1f2-bde1-4cbe-9381-8edfd6d896fd&guests=4&adults=4
124,PTE. ARANDA,"1,856,781.00",4,2,3,2,0,4.93,4.90,15,1,1,1,1,1,1,4.622349602,-74.11256388,https://www.airbnb.com.co/rooms/1229397749103407453?check_in=2025-12-22&check_out=2025-12-31&location=Puente%20Aranda%2C%20Bogot%C3%A1%2C%20D.C.&search_mode=regular_search&source_impression_id=p3_1757743838_P318Ass6RCEtCBWm&previous_page_section_name=1001&federated_search_id=3bf2c1f2-bde1-4cbe-9381-8edfd6d896fd&guests=4&adults=4
125,PTE. ARANDA,"1,234,402.00",4,2,2,1,2,5.00,4.90,27,1,1,1,1,1,0,4.618245084,-74.11426756,https://www.airbnb.com.co/rooms/1126089142673081227?check_in=2025-12-22&check_out=2025-12-31&location=Puente%20Aranda%2C%20Bogot%C3%A1%2C%20D.C.&search_mode=regular_search&source_impression_id=p3_1757744065_P3gunfqFeIVtwCZS&previous_page_section_name=1001&federated_search_id=05a3e6b1-5217-4536-87bb-5a846b30d70c&guests=4&adults=4&pets=2
126,PTE. ARANDA,"1,157,720.00",4,2,3,2,0,4.85,4.90,74,1,1,1,1,1,0,4.609823518,-74.10856652,https://www.airbnb.com.co/rooms/831904144824259643?check_in=2025-12-22&check_out=2025-12-31&search_mode=regular_search&source_impression_id=p3_1757744472_P3Vp8lmMfql_Woon&previous_page_section_name=1000&federated_search_id=8054dd9e-11e5-4b07-8320-8a3f3ab9ffd2&guests=4&adults=4
127,PTE. ARANDA,"898,777.00",4,2,3,1,2,4.84,4.80,67,1,1,1,1,1,0,4.608650974,-74.10721064,https://www.airbnb.com.co/rooms/1074830578835272021?check_in=2025-12-22&check_out=2025-12-31&search_mode=regular_search&source_impression_id=p3_1757744472_P35nkqAQYxAcOqgU&previous_page_section_name=1000&federated_search_id=8054dd9e-11e5-4b07-8320-8a3f3ab9ffd2&guests=4&adults=4&pets=2
128,PTE. ARANDA,"1,243,220.00",6,3,3,2,3,4.55,4.60,133,1,0,1,1,1,1,4.61238758,-74.10690487,https://www.airbnb.com.co/rooms/661613461112171182?check_in=2025-12-22&check_out=2025-12-31&search_mode=regular_search&source_impression_id=p3_1757744472_P3UNQ-kEARNHXYyH&previous_page_section_name=1000&federated_search_id=8054dd9e-11e5-4b07-8320-8a3f3ab9ffd2&guests=6&adults=6&pets=5
129,PTE. ARANDA,"1,576,137.00",4,1,2,1,0,4.88,4.80,139,1,1,1,1,1,0,4.609741103,-74.11095902,https://www.airbnb.com.co/rooms/573433589776158739?check_in=2025-12-22&check_out=2025-12-31&location=Puente%20Aranda%2C%20Bogot%C3%A1%2C%20D.C.&search_mode=regular_search&source_impression_id=p3_1757745255_P30uPC6QGGMLMdON&previous_page_section_name=1001&federated_search_id=85011929-4e7f-4dec-a48e-63f645af91a7&guests=4&adults=4
130,PTE. ARANDA,"1,219,069.00",4,2,2,1,0,4.94,4.90,36,1,1,1,1,1,0,4.620365112,-74.09011474,https://www.airbnb.com.co/rooms/50584336?check_in=2025-12-22&check_out=2025-12-31&location=Puente%20Aranda%2C%20Bogot%C3%A1%2C%20D.C.&search_mode=regular_search&source_impression_id=p3_1757745669_P33nj0mnKNmnqcK2&previous_page_section_name=1001&federated_search_id=dd2d884b-7e9a-429b-a9bc-9d9fc30e277c&guests=4&adults=4
131,PTE. ARANDA,"1,863,004.00",4,2,2,2,0,4.80,4.90,100,1,1,1,1,1,1,4.623669697,-74.10796944,https://www.airbnb.com.co/rooms/49948355?check_in=2025-12-22&check_out=2025-12-31&location=Puente%20Aranda%2C%20Bogot%C3%A1%2C%20D.C.&search_mode=regular_search&source_impression_id=p3_1757745840_P3CMj8Oj3E-64DEO&previous_page_section_name=1001&federated_search_id=e7d155ad-c21f-486b-9b2d-8a5ef576b290&guests=4&adults=4
132,LA CANDELARIA,"679,076.00",2,1,1,3,0,4.85,4.90,55,2,0,0,1,1,0,4.591841433,-74.07564922,https://www.airbnb.com.co/rooms/1059695742024969751/amenities?check_in=2025-12-22&check_out=2025-12-31&location=Bogot%C3%A1%2C%20D.C.&search_mode=regular_search&source_impression_id=p3_1757711922_P3q6OgB4MOXQwv3m&previous_page_section_name=1001&federated_search_id=cbefc610-c6a4-4275-ab8a-443589e9015a&guests=2&adults=2
133,LA CANDELARIA,"1,175,268.00",2,1,1,1.5,1,4.71,4.60,21,1,1,1,1,1,1,4.592717029,-74.07130672,https://www.airbnb.com.co/rooms/1232749258899193974/amenities?check_in=2025-12-22&check_out=2025-12-31&location=Bogot%C3%A1%2C%20D.C.&search_mode=regular_search&source_impression_id=p3_1757712078_P3cQdNsqPvbJdWh8&previous_page_section_name=1001&federated_search_id=cbefc610-c6a4-4275-ab8a-443589e9015a&guests=2&adults=2&pets=1
134,LA CANDELARIA,"649,117.00",2,1,1,3,0,4.92,4.92,51,2,0,0,1,1,0,4.591112018,-74.07536104,https://www.airbnb.com.co/rooms/1059668986782512549/amenities?check_in=2025-12-22&check_out=2025-12-31&location=Bogot%C3%A1%2C%20D.C.&search_mode=regular_search&source_impression_id=p3_1757712224_P3CSo24gah-Kk0BH&previous_page_section_name=1001&federated_search_id=cbefc610-c6a4-4275-ab8a-443589e9015a&guests=2&adults=2
135,LA CANDELARIA,"2,046,485.00",4,1,2,1,0,4.84,4.80,68,1,0,1,1,1,1,4.597743802,-74.06897422,https://www.airbnb.com.co/rooms/48193120/amenities?check_in=2025-12-22&check_out=2025-12-31&location=Bogot%C3%A1%2C%20D.C.&search_mode=regular_search&source_impression_id=p3_1757712380_P3MT17B4rVSN0XkC&previous_page_section_name=1001&federated_search_id=db1bf741-84e2-412f-ad41-65ae4bea3c03&guests=4&adults=4
136,LA CANDELARIA,"1,055,873.00",2,1,1,1,0,4.81,4.8,107,1,1,1,1,1,0,4.596813673,-74.06862145,https://www.airbnb.com.co/rooms/51276495/amenities?check_in=2025-12-22&check_out=2025-12-31&location=Bogot%C3%A1%2C%20D.C.&search_mode=regular_search&source_impression_id=p3_1757712963_P3kJUfCsi8Gsw8lj&previous_page_section_name=1001&federated_search_id=bc9f7da1-ea76-4ae2-897a-58fc3b9d3875&guests=2&adults=2
137,LA CANDELARIA,"1,666,801.00",3,1,1,1,0,4.75,4.80,8,2,1,1,1,1,0,4.598688072,-74.07002921,https://www.airbnb.com.co/rooms/1335061581639051628/amenities?check_in=2025-12-22&check_out=2025-12-31&location=Bogot%C3%A1%2C%20D.C.&search_mode=regular_search&source_impression_id=p3_1757732545_P3YEaOtg7MrsooTv&previous_page_section_name=1001&federated_search_id=966e179e-1bc7-454d-a7c9-9c47516afaad&guests=3&adults=3
138,LA CANDELARIA,"4,714,772.00",4,1,4,1,0,4.76,4.80,234,1,0,1,1,1,0,4.597662051,-74.0755022,https://www.airbnb.com.co/rooms/16859808/amenities?check_in=2025-12-22&check_out=2025-12-31&location=Bogot%C3%A1%2C%20D.C.&search_mode=regular_search&source_impression_id=p3_1757732790_P3cbEnlXIZ3svd1l&previous_page_section_name=1001&federated_search_id=6a7644a6-3d77-48d2-94a9-9e93a2dc278b&guests=4&adults=4
139,LA CANDELARIA,"4,917,414.00",5,1,3,1,2,4.98,4.90,53,1,1,1,1,1,0,4.599061633,-74.07273875,https://www.airbnb.com.co/rooms/718415902679117300/amenities?check_in=2025-12-22&check_out=2025-12-31&location=Bogot%C3%A1%2C%20D.C.&search_mode=regular_search&source_impression_id=p3_1757733201_P3wsVg8a1YCr7et-&previous_page_section_name=1001&federated_search_id=24af00b5-e571-49ac-b681-c6b4851992bb&guests=2&adults=2
140,RAF. URI. URIBE,"1,988,000.00",7,2,3,1,0,4.88,4.88,34,1,1,1,1,1,0,4.588012064,-74.11391928,https://www.airbnb.com.co/rooms/1288323235761485689/amenities?check_in=2025-12-22&check_out=2025-12-31&location=Bogot%C3%A1%2C%20D.C.&search_mode=regular_search&source_impression_id=p3_1757710643_P3uyvX1u6FwuJ4Cw&previous_page_section_name=1001&federated_search_id=29b71dca-bfc0-4c91-99ac-b51b2df7643e&guests=7&adults=7&infants=5
141,RAF. URI. URIBE,"1,644,000.00",5,2,4,1,0,4.65,4.70,23,1,0,1,1,1,0,4.587626395,-74.1121213,https://www.airbnb.com.co/rooms/1061821313614843062/amenities?check_in=2025-12-22&check_out=2025-12-31&location=Bogot%C3%A1%2C%20D.C.&search_mode=regular_search&source_impression_id=p3_1757711385_P3cOhtm86upwiI2V&previous_page_section_name=1001&federated_search_id=81f3a0e4-aa62-4ff2-9be5-72ec5094c826&guests=5&adults=5&infants=5
142,CIUD. BOLIVAR,"596,090.00",6,3,4,1,2,4.46,4.60,13,3,1,1,1,1,0,4.566155148,-74.15412578,https://www.airbnb.com.co/rooms/979737982427275980?check_in=2025-12-22&check_out=2025-12-31&location=Bogot%C3%A1%2C%20D.C.&search_mode=regular_search&source_impression_id=p3_1757707548_P3sqfmYzMLG8Vtyk&previous_page_section_name=1001&federated_search_id=7d48722b-562d-4519-9692-22c2c65ca504&guests=6&adults=4&children=2&infants=5&pets=2
143,CIUD. BOLIVAR,"630,721.00",3,2,2,1,0,4.61,4.80,18,3,1,1,1,1,0,4.572170163,-74.15501342,https://www.airbnb.com.co/rooms/1109376009030645888/amenities?check_in=2025-12-22&check_out=2025-12-31&location=Bogot%C3%A1%2C%20D.C.&search_mode=regular_search&source_impression_id=p3_1757707852_P39f_cC4HnpDfd2L&previous_page_section_name=1001&federated_search_id=b76e0dea-a149-49fc-8a61-316a5887d747&guests=3&adults=3&infants=5
144,CIUD. BOLIVAR,"2,300,130.00",5,3,3,1,2,4.79,4.90,19,1,1,1,1,1,1,4.584635561,-74.15910695,https://www.airbnb.com.co/rooms/823107558252876120/amenities?check_in=2025-12-22&check_out=2025-12-31&location=Bogot%C3%A1%2C%20D.C.&search_mode=regular_search&source_impression_id=p3_1757708184_P3G65cOGJBTPp4MQ&previous_page_section_name=1001&federated_search_id=8e9c5f30-a7a1-40a0-8069-4f8ef234f3bf&guests=5&adults=5&infants=3&pets=2
145,CIUD. BOLIVAR,"2,074,624.00",2,1,1,1.5,0,4.56,4.60,52,2,1,1,1,1,1,4.585270782,-74.15903109,https://www.airbnb.com.co/rooms/20149015/amenities?check_in=2025-12-22&check_out=2025-12-31&location=Bogot%C3%A1%2C%20D.C.&search_mode=regular_search&source_impression_id=p3_1757708454_P3nZ7wjbIcEQttjY&previous_page_section_name=1001&federated_search_id=088506d6-7c61-488b-b889-4b37289c3628&guests=2&adults=2&infants=5
146,CIUD. BOLIVAR,"1,678,874.00",4,2,4,1,0,4.86,4.60,7,1,1,1,1,1,1,4.584862425,-74.15570064,https://www.airbnb.com.co/rooms/863106735575505792/amenities?check_in=2025-12-22&check_out=2025-12-31&location=Bogot%C3%A1%2C%20D.C.&search_mode=regular_search&source_impression_id=p3_1757709168_P3kVe51-DYqoxGax&previous_page_section_name=1001&federated_search_id=8aabd37d-0f8f-4aaa-8636-21e5b40e7080&guests=4&adults=4&infants=5
147,CIUD. BOLIVAR,"979,374.00",2,2,2,1,0,4.96,5.00,23,1,1,1,1,1,0,4.586011872,-74.15386473,https://www.airbnb.com.co/rooms/863097787042472045/amenities?check_in=2025-12-22&check_out=2025-12-31&location=Bogot%C3%A1%2C%20D.C.&search_mode=regular_search&source_impression_id=p3_1757709423_P3k8ud15bHkCGR5n&previous_page_section_name=1001&federated_search_id=4042bdad-fc22-4d9b-a660-cbf8d8754908&guests=2&adults=2&infants=5
148,CIUD. BOLIVAR,"408,450.00",5,2,3,1,0,4.78,4.70,50,1,1,1,1,1,1,4.595410864,-74.15887471,https://www.airbnb.com.co/split-stays/1312651640924317039/amenities?check_in=2025-12-28&check_out=2025-12-31&location=Bogot%C3%A1%2C%20D.C.&search_mode=regular_search&category_tag=Tag%3A8678&split_stays_uuid=7c2c48ff-e133-445b-8b75-f478d95e5f60&source_impression_id=p3_1757709687_P3cDHuQhUFx-ka3k&previous_page_section_name=1000&other_listing=26556457&focused_listing=1&other_check_in=2025-12-22&other_check_out=2025-12-28&guests=5&adults=5&infants=5&pets=1
149,CIUD. BOLIVAR,"1,390,340.00",4,2,3,1,1,4.97,5.00,37,1,1,1,1,1,0,4.594743251,-74.17343778,https://www.airbnb.com.co/rooms/1087200636435109195/amenities?check_in=2025-12-22&check_out=2025-12-31&location=Bogot%C3%A1%2C%20D.C.&search_mode=regular_search&source_impression_id=p3_1757709959_P3MQ47dpfFL0Pe3B&previous_page_section_name=1001&federated_search_id=7ec959e0-2efe-4a32-af19-b53b563275e4&guests=4&adults=4&infants=5&pets=1
150,CIUD. BOLIVAR,"2,165,602.00",4,2,4,1,2,4.89,5.00,70,1,0,1,1,1,0,4.593282771,-74.15803622,https://www.airbnb.com.co/rooms/833313024347238750/amenities?check_in=2025-12-22&check_out=2025-12-31&search_mode=regular_search&source_impression_id=p3_1757710264_P3nZEX-UcrDGC0Gj&previous_page_section_name=1000&federated_search_id=dd7a6130-c625-4081-a14a-22fd9f446edb&guests=4&adults=4&infants=5&pets=2